Mot-clé,Vol. mensuel,Liste MC et %
aeroport italie,8100,
boite de nuit italie,110,ou sortir en italie (10): 10.00 %
brunch italie,40,
budget voyage italie,20,
canyoning italie,110,
city pass italie,10,
combien de temps pour visiter l italie,20,road trip en italie (320): 22.22 % | visiter italie en 10 jours (10): 22.22 % | visiter l italie en 10 jours (20): 22.22 % | ou aller en italie (2400): 11.11 % | visiter l italie en 5 jours (10): 11.11 % | visiter l italie en 7 jours (10): 11.11 % | visiter l italie en 15 jours (10): 11.11 %
comment aller en italie,90,comment se deplacer en italie (40): 11.11 %
comment se deplacer en italie,40,comment aller en italie (90): 11.11 %
decalage horaire italie,390,
desert italie,70,
esim italie,260,
faut il un passeport pour aller en italie,720,formalites italie (50): 44.44 % | faut il un visa pour aller en italie (40): 44.44 %
faut il un visa pour aller en italie,40,faut il un passeport pour aller en italie (720): 44.44 % | formalites italie (50): 33.33 %
formalites italie,50,faut il un passeport pour aller en italie (720): 44.44 % | faut il un visa pour aller en italie (40): 33.33 %
incontournables italie,110,que faire en italie (590): 66.67 % | visiter italie (1300): 33.33 % | quelle ville visiter en italie (720): 30.00 %
italie a velo,40,
italie en amoureux,70,
italie en aout,140,
italie en automne,390,italie en octobre (320): 44.44 % | italie en juin (70): 11.11 % | quand partir en italie (480): 11.11 %
italie en decembre,390,
italie en ete,70,ou aller en italie (2400): 22.22 % | italie en juillet (70): 11.11 %
italie en famille,140,
italie en fevrier,320,
italie en hiver,390,
italie en janvier,140,
italie en juillet,70,italie en ete (70): 11.11 % | italie en juin (70): 11.11 % | italie en octobre (320): 11.11 % | italie en septembre (110): 11.11 % | quand partir en italie (480): 11.11 %
italie en juin,70,quand partir en italie (480): 22.22 % | italie en octobre (320): 12.50 % | italie en septembre (110): 12.50 % | italie en automne (390): 11.11 % | italie en juillet (70): 11.11 %
italie en mai,140,
italie en mars,170,
italie en novembre,260,
italie en octobre,320,italie en automne (390): 44.44 % | italie en juin (70): 12.50 % | italie en septembre (110): 12.50 % | italie en juillet (70): 11.11 % | quand partir en italie (480): 11.11 %
italie en septembre,110,italie en juin (70): 12.50 % | italie en octobre (320): 12.50 % | italie en juillet (70): 11.11 % | quand partir en italie (480): 11.11 %
kitesurf italie,40,
lac italie,8100,
musee gratuit italie,10,
ou aller en italie,2400,italie en ete (70): 22.22 % | visiter l italie en 10 jours (20): 12.50 % | visiter italie en 10 jours (10): 11.11 % | visiter l italie en 5 jours (10): 11.11 % | visiter l italie en 7 jours (10): 11.11 % | combien de temps pour visiter l italie (20): 11.11 %
ou dormir en italie,20,
ou manger en italie,10,que manger en italie (70): 11.11 %
ou sortir en italie,10,boite de nuit italie (110): 10.00 %
parapente italie,40,
parc aquatique italie,720,parc italie (320): 11.11 % | parc d attraction italie (1300): 11.11 %
parc d attraction italie,1300,parc italie (320): 50.00 % | parc aquatique italie (720): 11.11 %
parc italie,320,parc d attraction italie (1300): 50.00 % | parc aquatique italie (720): 11.11 %
plage italie,3600,
plongee italie,110,snorkeling italie (40): 20.00 %
prise electrique italie,2900,
quand partir en italie,480,italie en juin (70): 22.22 % | italie en automne (390): 11.11 % | italie en juillet (70): 11.11 % | italie en octobre (320): 11.11 % | italie en septembre (110): 11.11 %
que faire en italie,590,incontournables italie (110): 66.67 % | visiter italie (1300): 33.33 % | quelle ville visiter en italie (720): 20.00 %
que manger en italie,70,ou manger en italie (10): 11.11 %
que ramener d italie,140,
quelle est la monnaie en italie,170,
quelle langue parle t on en italie,40,
quelle ville visiter en italie,720,incontournables italie (110): 30.00 % | que faire en italie (590): 20.00 % | visiter italie (1300): 10.00 %
randonnees en italie,720,trek italie (260): 25.00 %
road trip en italie,320,visiter l italie en 5 jours (10): 22.22 % | combien de temps pour visiter l italie (20): 22.22 % | visiter l italie en 10 jours (20): 12.50 % | visiter italie en 10 jours (10): 11.11 % | visiter l italie en 15 jours (10): 11.11 %
rooftop italie,10,
safari italie,30,
snorkeling italie,40,plongee italie (110): 20.00 %
spa italie,720,
surf italie,140,
trek italie,260,randonnees en italie (720): 25.00 %
vaccin obligatoire italie,20,
via ferrata italie,140,
visiter italie,1300,que faire en italie (590): 33.33 % | incontournables italie (110): 33.33 % | quelle ville visiter en italie (720): 10.00 %
visiter italie en 10 jours,10,visiter l italie en 10 jours (20): 77.78 % | visiter l italie en 7 jours (10): 33.33 % | combien de temps pour visiter l italie (20): 22.22 % | ou aller en italie (2400): 11.11 % | road trip en italie (320): 11.11 % | visiter l italie en 5 jours (10): 11.11 % | visiter l italie en 15 jours (10): 11.11 %
visiter l italie en 10 jours,20,visiter italie en 10 jours (10): 77.78 % | visiter l italie en 7 jours (10): 22.22 % | combien de temps pour visiter l italie (20): 22.22 % | ou aller en italie (2400): 12.50 % | road trip en italie (320): 12.50 % | visiter l italie en 5 jours (10): 11.11 % | visiter l italie en 15 jours (10): 11.11 %
visiter l italie en 15 jours,10,road trip en italie (320): 11.11 % | visiter italie en 10 jours (10): 11.11 % | visiter l italie en 7 jours (10): 11.11 % | visiter l italie en 10 jours (20): 11.11 % | combien de temps pour visiter l italie (20): 11.11 %
visiter l italie en 5 jours,10,road trip en italie (320): 22.22 % | ou aller en italie (2400): 11.11 % | visiter italie en 10 jours (10): 11.11 % | visiter l italie en 7 jours (10): 11.11 % | visiter l italie en 10 jours (20): 11.11 % | combien de temps pour visiter l italie (20): 11.11 %
visiter l italie en 7 jours,10,visiter italie en 10 jours (10): 33.33 % | visiter l italie en 10 jours (20): 22.22 % | ou aller en italie (2400): 11.11 % | visiter l italie en 5 jours (10): 11.11 % | visiter l italie en 15 jours (10): 11.11 % | combien de temps pour visiter l italie (20): 11.11 %
volcan italie,4400,
